-- seed.sql — sample data, PostgreSQL

-- Users
INSERT INTO users (user_id, first_name, last_name, email, password_hash, phone_number, role)
VALUES
 ('00000000-0000-0000-0000-000000000001','Alice','Host','alice.host@example.com','hash1','+251900000001','host'),
 ('00000000-0000-0000-0000-000000000002','Bob','Guest','bob.guest@example.com','hash2','+251900000002','guest'),
 ('00000000-0000-0000-0000-000000000003','Carol','Guest','carol@example.com','hash3',NULL,'guest'),
 ('00000000-0000-0000-0000-000000000004','Dave','Host','dave.host@example.com','hash4','+251900000004','host'),
 ('00000000-0000-0000-0000-000000000005','Eve','Admin','eve.admin@example.com','hash5','+251900000005','admin');

-- Properties
INSERT INTO properties (property_id, host_id, name, description, location, pricepernight)
VALUES
 ('10000000-0000-0000-0000-000000000001','00000000-0000-0000-0000-000000000001','Sunny Apartment','Bright 1BR near city center','Addis Ababa, Bole','65.00'),
 ('10000000-0000-0000-0000-000000000002','00000000-0000-0000-0000-000000000001','Cozy Loft','Quiet loft with workspace','Addis Ababa, Yeka','50.00'),
 ('10000000-0000-0000-0000-000000000003','00000000-0000-0000-0000-000000000004','Garden Villa','3BR villa with garden','Addis Ababa, Lideta','120.00'),
 ('10000000-0000-0000-0000-000000000004','00000000-0000-0000-0000-000000000004','Studio Flat','Compact studio near metro','Addis Ababa, Arada','40.00'),
 ('10000000-0000-0000-0000-000000000005','00000000-0000-0000-0000-000000000001','Skyline Suite','Penthouse with views','Addis Ababa, Kirkos','200.00');

-- Bookings
INSERT INTO bookings (booking_id, property_id, user_id, start_date, end_date, total_price, status)
VALUES
 ('20000000-0000-0000-0000-000000000001','10000000-0000-0000-0000-000000000001','00000000-0000-0000-0000-000000000002','2025-12-01','2025-12-05','260.00','confirmed'),
 ('20000000-0000-0000-0000-000000000002','10000000-0000-0000-0000-000000000003','00000000-0000-0000-0000-000000000003','2025-12-10','2025-12-12','240.00','pending'),
 ('20000000-0000-0000-0000-000000000003','10000000-0000-0000-0000-000000000002','00000000-0000-0000-0000-000000000002','2026-01-01','2026-01-03','100.00','confirmed'),
 ('20000000-0000-0000-0000-000000000004','10000000-0000-0000-0000-000000000004','00000000-0000-0000-0000-000000000003','2025-11-15','2025-11-18','120.00','canceled'),
 ('20000000-0000-0000-0000-000000000005','10000000-0000-0000-0000-000000000005','00000000-0000-0000-0000-000000000002','2026-02-10','2026-02-13','600.00','confirmed');

-- Payments
INSERT INTO payments (payment_id, booking_id, amount, payment_method)
VALUES
 ('30000000-0000-0000-0000-000000000001','20000000-0000-0000-0000-000000000001','260.00','credit_card'),
 ('30000000-0000-0000-0000-000000000002','20000000-0000-0000-0000-000000000003','100.00','paypal'),
 ('30000000-0000-0000-0000-000000000003','20000000-0000-0000-0000-000000000005','600.00','stripe');

-- Reviews
INSERT INTO reviews (review_id, property_id, user_id, rating, comment)
VALUES
 ('40000000-0000-0000-0000-000000000001','10000000-0000-0000-0000-000000000001','00000000-0000-0000-0000-000000000002',5,'Great stay!'),
 ('40000000-0000-0000-0000-000000000002','10000000-0000-0000-0000-000000000003','00000000-0000-0000-0000-000000000003',4,'Spacious and clean.');

-- Messages
INSERT INTO messages (message_id, sender_id, recipient_id, message_body)
VALUES
 ('50000000-0000-0000-0000-000000000001','00000000-0000-0000-0000-000000000002','00000000-0000-0000-0000-000000000001','Hi, is early check-in possible?'),
 ('50000000-0000-0000-0000-000000000002','00000000-0000-0000-0000-000000000001','00000000-0000-0000-0000-000000000002','Yes, from 1 PM is fine.');